{"len_episodes:": 10, "total_reward": 10.0, "average_reward": 1.0, "sum_loss": 0.0027171694673597813, "average_loss": 0.00027171694091521204, "eps": 0.14631933424524612, "_timestamp": 1714364311.918493, "_runtime": 681.9582989215851, "_step": 4698, "final": 11.48, "_wandb": {"runtime": 681}}