{"len_episodes:": 51, "total_reward": -1, "average_reward": -0.0196078431372549, "sum_loss": 0.5145450830459595, "average_loss": 0.010089118964970112, "eps": 0.11513184713146711, "_timestamp": 1713530586.4729002, "_runtime": 1214.2363860607147, "_step": 1850, "final": -0.8994199999999999, "_wandb": {"runtime": 1213}}