{"completion:": 0.0, "len_episodes:": 51, "total_reward": 20.64000000000002, "average_reward": 0.4047058823529415, "sum_loss": 6.270207422953717, "average_loss": 0.12294524358732778, "_timestamp": 1712774749.9221172, "_runtime": 32.294984340667725, "_step": 64}