{"len_episodes:": 24, "total_reward": 0.952, "average_reward": 0.03966666666666666, "sum_loss": 0.30287644267082214, "average_loss": 0.01261985208839178, "eps": 0.4865694995993567, "_timestamp": 1713051706.466283, "_runtime": 6.370639085769653, "_step": 8}