{"len_episodes:": 9, "total_reward": 9.0, "average_reward": 1.0, "sum_loss": 9, "average_loss": 1.0, "eps": 0.6053087389326777, "_timestamp": 1714394891.604316, "_runtime": 1.0738649368286133, "_step": 193, "final": 9.28, "_wandb": {"runtime": 0}}