{"completion:": false, "total_reward": 1.88, "average_reward": 0.6266666666666666, "sum_loss": 0.6405142388892056, "average_loss": 0.21350474629640184, "_timestamp": 1712774248.061085, "_runtime": 23.49136209487915, "_step": 46}