{"len_episodes:": 12, "total_reward": 12.0, "average_reward": 1.0, "sum_loss": 0.0005936398520134389, "average_loss": 4.946998888044618e-05, "eps": 0.39069863550568107, "_timestamp": 1714248946.7964659, "_runtime": 128.10628485679626, "_step": 2740, "_wandb": {"runtime": 127}}