{"len_episodes:": 19, "total_reward": 19.0, "average_reward": 1.0, "sum_loss": 19, "average_loss": 1.0, "eps": 0.4964143616766773, "_timestamp": 1713906642.281045, "_runtime": 1.8628020286560059, "_step": 3}