{"len_episodes:": 10, "total_reward": 10.0, "average_reward": 1.0, "sum_loss": 10, "average_loss": 1.0, "eps": 0.5428095743172929, "_timestamp": 1714386893.2099688, "_runtime": 0.9972498416900635, "_step": 105, "final": 9.5, "_wandb": {"runtime": 0}}