{"len_episodes:": 10, "total_reward": 10.0, "average_reward": 1.0, "sum_loss": 4.370763690531021e-06, "average_loss": 4.3707638042178587e-07, "eps": 0.36890433992744365, "_timestamp": 1714356522.885323, "_runtime": 132.0687370300293, "_step": 956, "final": 9.26, "_wandb": {"runtime": 131}}