{"len_episodes:": 10, "total_reward": 10.0, "average_reward": 1.0, "sum_loss": 1.8887643818743527e-05, "average_loss": 2.09862719202647e-06, "eps": 0.06310625106676651, "_timestamp": 1714370625.212946, "_runtime": 1191.8983759880066, "_step": 3502, "final": 9.27, "_wandb": {"runtime": 1191}}