{"len_episodes:": 10, "total_reward": 10.0, "average_reward": 1.0, "sum_loss": 2.1872388970223255e-05, "average_loss": 2.1872388060728554e-06, "eps": 0.15089163043426213, "_timestamp": 1714390547.501911, "_runtime": 465.3365228176117, "_step": 1844, "final": 10.09, "_wandb": {"runtime": 464}}