{"len_episodes:": 43, "total_reward": 1.338, "average_reward": 0.031116279069767442, "sum_loss": 0.7105780243873596, "average_loss": 0.01652507111430168, "eps": 0.31021075205895626, "_timestamp": 1713514573.915904, "_runtime": 2188.4127321243286, "_step": 3164, "final": -0.7803600000000002, "_wandb": {"runtime": 2187}}