{"completion:": 0, "timesteps:": 51, "total_reward": 19.640000000000022, "average_reward": 0.3850980392156867, "sum_loss": 7.767353424724137, "average_loss": 0.1523010475436105, "_timestamp": 1712774509.6036139, "_runtime": 52.33563995361328, "_step": 86}