{"len_episodes:": 11, "total_reward": 11.0, "average_reward": 1.0, "sum_loss": 0.00011243778862990439, "average_loss": 1.0221617230854463e-05, "eps": 0.4117436747313524, "_timestamp": 1714249290.083105, "_runtime": 248.0440981388092, "_step": 3712, "_wandb": {"runtime": 247}}