{"total_reward": 22.140000000000025, "average_reward": 0.43411764705882405, "loss": 10.076978317037039, "average_loss": 0.19758781013798116, "_timestamp": 1712773073.465157, "_runtime": 51.34567999839783, "_step": 99, "_wandb": {"runtime": 51}}