{"len_episodes:": 12, "total_reward": 12.0, "average_reward": 1.0, "sum_loss": 0.00859714113175869, "average_loss": 0.0007164284470491111, "eps": 0.2614614746446441, "_timestamp": 1713907988.08874, "_runtime": 110.68143010139465, "_step": 1997, "score": 13.26, "_wandb": {"runtime": 107}}