{"len_episodes:": 12, "total_reward": 12.0, "average_reward": 1.0, "sum_loss": 12, "average_loss": 1.0, "eps": 0.24843868989222193, "_timestamp": 1714372924.343461, "_runtime": 1.0668730735778809, "_step": 218, "final": 9.2, "_wandb": {"runtime": 0}}