{"len_episodes:": 10, "total_reward": 10.0, "average_reward": 1.0, "sum_loss": 1.4236721654015128e-05, "average_loss": 1.4236721881388803e-06, "eps": 0.29081125158305693, "_timestamp": 1714342306.841669, "_runtime": 818.57079911232, "_step": 4798, "final": 9.38, "_wandb": {"runtime": 818}}