{"len_episodes:": 12, "total_reward": 12.0, "average_reward": 1.0, "sum_loss": 0.005674420390278101, "average_loss": 0.0004728683561552316, "eps": 0.4011888798847693, "_timestamp": 1714249471.585438, "_runtime": 171.3367850780487, "_step": 3518, "_wandb": {"runtime": 170}}