{"len_episodes:": 51, "total_reward": -0.5740000000000001, "average_reward": -0.011254901960784314, "sum_loss": 0.5794299840927124, "average_loss": 0.011361372657120228, "eps": 0.5146842086781593, "_timestamp": 1713499502.266804, "_runtime": 84.3855710029602, "_step": 99}