{"len_episodes:": 22, "total_reward": 22.0, "average_reward": 1.0, "sum_loss": 0.05172305554151535, "average_loss": 0.0023510479368269444, "eps": 0.41085768147882695, "_timestamp": 1714249031.7807, "_runtime": 32.3612220287323, "_step": 724, "_wandb": {"runtime": 31}}