{"len_episodes:": 10, "total_reward": 10.0, "average_reward": 1.0, "sum_loss": 2.120721183018759e-05, "average_loss": 2.1207210920692887e-06, "eps": 0.26830514691992763, "_timestamp": 1714362847.6128142, "_runtime": 986.0298912525177, "_step": 2737, "final": 9.52, "_wandb": {"runtime": 985}}