{"len_episodes:": 43, "total_reward": 43.0, "average_reward": 1.0, "sum_loss": 42, "average_loss": 1.0, "eps": 0.8022447714414718, "_timestamp": 1714386882.706644, "_runtime": 0.9739320278167725, "_step": 117, "final": 9.33, "_wandb": {"runtime": 0}}