{"len_episodes:": 17, "total_reward": 1.444, "average_reward": 0.08494117647058823, "sum_loss": 0.22463293373584747, "average_loss": 0.01321370154619217, "eps": 0.2969899320568518, "_timestamp": 1713527517.6257432, "_runtime": 1103.7141361236572, "_step": 3294, "final": 1.4360399999999998, "_wandb": {"runtime": 1103}}