{"len_episodes:": 51, "total_reward": 20.34000000000002, "average_reward": 0.39882352941176513, "sum_loss": 7.718185246276038, "average_loss": 0.15133696561325563, "_timestamp": 1712775441.2911239, "_runtime": 573.0326578617096, "_step": 999, "_wandb": {"runtime": 572}}