{"len_episodes:": 13, "total_reward": 13.0, "average_reward": 1.0, "sum_loss": 20.867900848388672, "average_loss": 1.6052231788635254, "eps": 0.36337429517187053, "_timestamp": 1713907715.60271, "_runtime": 86.06121301651001, "_step": 2139, "score": 19.54, "_wandb": {"runtime": 85}}