{"len_episodes:": 13, "total_reward": 13.0, "average_reward": 1.0, "sum_loss": 0.026700913906097412, "average_loss": 0.0020539164543151855, "eps": 0.12538255226395253, "_timestamp": 1713907517.1485078, "_runtime": 136.88821291923523, "_step": 3132, "score": 19.4, "_wandb": {"runtime": 136}}