{"len_episodes:": 10, "total_reward": 10.0, "average_reward": 1.0, "sum_loss": 1.8011383872362785e-05, "average_loss": 1.801138409973646e-06, "eps": 0.17591227271476403, "_timestamp": 1714379173.3507452, "_runtime": 1115.282091140747, "_step": 4640, "final": 9.4, "_wandb": {"runtime": 1114}}