{"len_episodes:": 10, "total_reward": 10.0, "average_reward": 1.0, "sum_loss": 0.015327549539506435, "average_loss": 0.001532754977233708, "eps": 0.16938428582177872, "_timestamp": 1713906613.8090692, "_runtime": 53.619487047195435, "_step": 999, "_wandb": {"runtime": 51}}