{"len_episodes:": 51, "total_reward": -0.584, "average_reward": -0.011450980392156862, "sum_loss": 2.7268943786621094, "average_loss": 0.05346851795911789, "eps": 0.40000383941612166, "_timestamp": 1713522380.4870842, "_runtime": 1834.471628189087, "_step": 2652, "final": -0.8588200000000001, "_wandb": {"runtime": 1833}}