{"len_episodes:": 12, "total_reward": 12.0, "average_reward": 1.0, "sum_loss": 0.010624975897371769, "average_loss": 0.0008854146581143141, "eps": 0.49595235426653184, "_timestamp": 1714248990.566081, "_runtime": 34.022215127944946, "_step": 645, "_wandb": {"runtime": 33}}