{"len_episodes:": 10, "total_reward": 10.0, "average_reward": 1.0, "sum_loss": 3.413783269934356e-05, "average_loss": 3.4137833608838264e-06, "eps": 0.4351818656125661, "_timestamp": 1714391747.635712, "_runtime": 583.2842428684235, "_step": 1902, "final": 9.33, "_wandb": {"runtime": 582}}