{"len_episodes:": 10, "total_reward": 10.0, "average_reward": 1.0, "sum_loss": 0.00020960923575330526, "average_loss": 2.0960924302926287e-05, "eps": 0.1229878102396272, "_timestamp": 1714336668.253171, "_runtime": 746.1290910243988, "_step": 5718, "final": 9.28, "_wandb": {"runtime": 745}}