{"len_episodes:": 51, "total_reward": -1, "average_reward": -0.0196078431372549, "sum_loss": 62.05775451660156, "average_loss": 1.2168186902999878, "eps": 0.0657362691057332, "_timestamp": 1713518270.351257, "_runtime": 1443.1154301166534, "_step": 2862, "final": -0.9253000000000001, "_wandb": {"runtime": 1442}}