{"len_episodes:": 12, "total_reward": 0.976, "average_reward": 0.08133333333333333, "sum_loss": 0.28459545969963074, "average_loss": 0.023716287687420845, "eps": 0.23171177702198692, "_timestamp": 1712977977.2523148, "_runtime": 102.24182772636414, "_step": 1146, "final": 0.9904399999999999, "_wandb": {"runtime": 101}}