{"len_episodes:": 51, "total_reward": -1, "average_reward": -0.0196078431372549, "sum_loss": 1.1730338335037231, "average_loss": 0.02300066314637661, "eps": 0.3102270450675258, "_timestamp": 1713499391.162652, "_runtime": 165.23105311393738, "_step": 210}