{"len_episodes:": 51, "total_reward": -1, "average_reward": -0.0196078431372549, "sum_loss": 430.8262939453125, "average_loss": 8.447574615478516, "eps": 0.1913376586771975, "_timestamp": 1713507861.66818, "_runtime": 784.9421329498291, "_step": 2257, "final": -0.45356, "_wandb": {"runtime": 784}}