{"len_episodes:": 10, "total_reward": 10.0, "average_reward": 1.0, "sum_loss": 2.6955633074976504e-05, "average_loss": 2.6955633529723855e-06, "eps": 0.4950451978648448, "_timestamp": 1714341476.6894588, "_runtime": 442.525141954422, "_step": 2623, "final": 9.21, "_wandb": {"runtime": 442}}