{"len_episodes:": 51, "total_reward": -0.518, "average_reward": -0.01015686274509804, "sum_loss": 0.6507415771484375, "average_loss": 0.012759638950228691, "eps": 0.460065265139679, "_timestamp": 1713512376.293277, "_runtime": 2590.5387210845947, "_step": 3692, "final": -0.7803800000000001, "_wandb": {"runtime": 2590}}