{"completion:": 1, "len_episodes:": 26, "total_reward": 11.800000000000006, "average_reward": 0.45384615384615407, "sum_loss": 3.9426180646680407, "average_loss": 0.15163915633338618, "_timestamp": 1712774660.6302059, "_runtime": 15.42640495300293, "_step": 33}