{"len_episodes:": 32, "total_reward": 32.0, "average_reward": 1.0, "sum_loss": 32, "average_loss": 1.0, "eps": 0.8085507043692092, "_timestamp": 1714378047.4395819, "_runtime": 0.8133549690246582, "_step": 78, "final": 9.28, "_wandb": {"runtime": 0}}