{"len_episodes:": 15, "total_reward": 15.0, "average_reward": 1.0, "sum_loss": 15, "average_loss": 1.0, "eps": 0.3265061367138763, "_timestamp": 1714380713.410832, "_runtime": 1.203768014907837, "_step": 266, "final": 9.35, "_wandb": {"runtime": 0}}