{"total_reward": 21.740000000000027, "average_reward": 0.4262745098039221, "loss": 5.903057586579976, "average_loss": 0.11574622718784267, "_timestamp": 1712773811.862697, "_runtime": 553.9358639717102, "_step": 999, "_wandb": {"runtime": 552}}