{"len_episodes:": 12, "total_reward": 12.0, "average_reward": 1.0, "sum_loss": 0.6899663209915161, "average_loss": 0.05749719217419624, "eps": 0.2644247765645711, "_timestamp": 1713907782.349491, "_runtime": 57.503885984420776, "_step": 1119, "score": 22.56, "_wandb": {"runtime": 56}}