{"len_episodes:": 28, "total_reward": 28.0, "average_reward": 1.0, "sum_loss": 0.19064727425575256, "average_loss": 0.0068088313564658165, "eps": 0.47504309993150057, "_timestamp": 1713907609.353966, "_runtime": 83.81174802780151, "_step": 1811, "score": 20.08, "_wandb": {"runtime": 83}}