{"len_episodes:": 11, "total_reward": 0.978, "average_reward": 0.08890909090909091, "sum_loss": 0.09788966923952103, "average_loss": 0.008899061009287834, "eps": 0.6076129081501319, "_timestamp": 1712979105.976772, "_runtime": 281.15090107917786, "_step": 1684, "final": 0.9825599999999998, "_wandb": {"runtime": 280}}