{"len_episodes:": 12, "total_reward": 12.0, "average_reward": 1.0, "sum_loss": 1.3237933671916835e-05, "average_loss": 1.103161139326403e-06, "eps": 0.5536691297412238, "_timestamp": 1714329602.57169, "_runtime": 5.243717193603516, "_step": 89}