{"len_episodes:": 39, "total_reward": 39.0, "average_reward": 1.0, "sum_loss": 1.794372797012329, "average_loss": 0.04600955918431282, "eps": 0.4379824806352826, "_timestamp": 1713907149.408878, "_runtime": 71.21642208099365, "_step": 1347, "score": 25.73, "_wandb": {"runtime": 70}}