{"len_episodes:": 14, "total_reward": 14.0, "average_reward": 1.0, "sum_loss": 0.009929857216775417, "average_loss": 0.0007092755404300988, "eps": 0.3422365534773485, "_timestamp": 1714329523.383907, "_runtime": 194.3942711353302, "_step": 2256}