{"len_episodes:": 1, "total_reward": 0.998, "average_reward": 0.998, "sum_loss": 0.023993082344532013, "average_loss": 0.023993082344532013, "eps": 0.4273026244302417, "_timestamp": 1713051833.586266, "_runtime": 26.492645025253296, "_step": 99, "_wandb": {"runtime": 26}}